﻿<?xml version='1.0'?>
<request service="Nostra plugin 1.00.001" calculateId="20180810142918629.000" version="1.0" lang="ru">
 <!--service - имя обрабатывающего запрос сервиса, version - версия формата, lang - язык представления текстовой информации, calculateId - код расчёта-->
 <!---->
 <meteo>
    <meteoType>1</meteoType>
    <!--Тип метеоданных: 1 - метеопараметры (ручной ввод), 2 - метеопрогноз-->
    <meteoData>
      <!--Блок заполняется при ручном вводе-->
      <meteoPhase>
        <meteoPhaseStart>0</meteoPhaseStart>
        <!--Относительное время начала фазы, сек -->
        <windConst>0</windConst>
        <!--Признак постоянства ветра по высоте: 0 - не постоянно, 1 - постоянно-->
        <wind>
          <height>10</height>
          <!--Высота в м., используется, если windConst=0)-->
          <direction>0</direction>
          <!--Направление ветра, градус-->
          <speed>20</speed>
          <!--Скорость ветра, м/с-->
        </wind>
        <precipitationsRate>0</precipitationsRate>
        <!--Интенсивность осадков, м/с-->
        <precipitationTypeId>0</precipitationTypeId>
        <!--Тип осадков-->
        <precipitationType>0</precipitationType>
        <!--Тип осадков (значение): 1.0 - дождь, 1.1 - дождь с грозой, 2.4 -  снег с дождем, 2.8 - ливень, 3.0 - снег, 1.e-5 - морось, туман-->
        <stab>A</stab>
        <!--Категория устойчивости атмосферы A-G-->
        <!--Шероховатость подстилающей поверхности-->
        <roughness>0.01</roughness>
        <!--Шероховатость подстилающей поверхности (значение), м-->
      </meteoPhase>
    </meteoData>
  </meteo>
 
<surfaceFile>landuse.asc</surfaceFile>
 <!--URL файла с данными по шероховатости поверхности-->
 <!---->
 <source>
  <!--Характеристики источника выброса-->
  <timeStart>2018-08-10 11:29:18</timeStart>
  <!--Время начала в UTC-->
  <longitude>36.14534933317529</longitude>
  <!--Долгота в WGS-84-->
  <latitude>12.695421457661126</latitude>
  <!--Широта в WGS-84-->
  <cloudH>0</cloudH>
  <!--Начальная высота облака, м-->
  <cloudR>0</cloudR>
  <!--Начальный радиус облака, м-->
  <sourcePhases>
   <!--Фазы выброса радиоактивных веществ в атмосферу-->
   <sourcePhase>
    <sourcePhaseName>Phase 1</sourcePhaseName>
    <!--Название фазы-->
    <sourcePhaseStart>0</sourcePhaseStart>
    <!--Относительное время начала фазы, сек-->
    <sourcePhaseDuration>600</sourcePhaseDuration>
    <!--Продолжительность фазы выброса, сек-->
    <effectiveHeigth>40</effectiveHeigth>
    <!--Эффективная высота источника, м-->
    <cloudH>0</cloudH>
    <!--Начальная высота облака фазы, м-->
    <cloudR>0</cloudR>
    <!--Начальный радиус облака фазы, м-->
    <nuclideGroups>
     <!--Состав выброса по группам физ-хим. форм изотопов, в том числе:
йоды молекулярные, йоды аэрозольные, йоды органические, газообразные нуклиды, аэрозоли-->
     <nuclideGroup>
      <nuclGroupTypeId>0</nuclGroupTypeId>
      <!--Тип группы физ-хим. форм изотопов-->
      <nuclGroupName>Iodine organic</nuclGroupName>
      <!--Название группы физико-химических форм изотопов-->
      <nuclides>
       <activity phchForm="methyl iodide" isotop="I-131">1.64E+08</activity>
       <!--Активность физико-химической формы изотопа (isotop- обознач.изотопа, phchForm - обознач.физ-хим.формы), Бк-->
       <activity phchForm="methyl iodide" isotop="I-132">1.76E+10</activity>
       <activity phchForm="methyl iodide" isotop="I-133">0.98e+09</activity>
       <!--Активность физико-химической формы изотопа (isotop- обознач.изотопа, phchForm - обознач.физ-хим.формы), Бк-->
       <activity phchForm="methyl iodide" isotop="I-135">1.06e+08</activity>
      </nuclides>
      <vGrav>0</vGrav>
      <!--Скорость гравитационного осаждения, м/с-->
      <vDry>0.0001</vDry>
      <!--Скорость сухого осаждения, м/с-->
      <prec>4e-7</prec>
      <!--Вымывание осадками сек/м*сек-->
     </nuclideGroup>
     <nuclideGroup>
      <nuclGroupTypeId>0</nuclGroupTypeId>
      <!--Тип группы физ-хим. форм изотопов-->
      <nuclGroupName>Iodine molecular</nuclGroupName>
      <!--Название группы физико-химических форм изотопов-->
      <nuclides>
       <activity phchForm="elemental iodine vapour" isotop="I-131">3.28E+08</activity>
       <!--Активность физико-химической формы изотопа (isotop- обознач.изотопа, phchForm - обознач.физ-хим.формы), Бк-->
       <activity phchForm="elemental iodine vapour" isotop="I-132">3.52E+10</activity>
       <!--Активность физико-химической формы изотопа (isotop- обознач.изотопа, phchForm - обознач.физ-хим.формы), Бк-->
       <activity phchForm="elemental iodine vapour" isotop="I-133">1.96E+09</activity>
       <activity phchForm="elemental iodine vapour" isotop="I-135">2.12E+08</activity>
      </nuclides>
      <vGrav>0</vGrav>
      <!--Скорость гравитационного осаждения, м/с-->
      <vDry>0.02</vDry>
      <!--Скорость сухого осаждения, м/с-->
      <prec>4e-5</prec>
      <!--Вымывание осадками сек/м*сек-->
     </nuclideGroup>
     <nuclideGroup>
      <nuclGroupTypeId>0</nuclGroupTypeId>
      <!--Тип группы физ-хим. форм изотопов-->
      <nuclGroupName>IRG</nuclGroupName>
      <!--Название группы физико-химических форм изотопов-->
      <nuclides>
       <activity phchForm="noble gas" isotop="Kr-85m">5.10E+12</activity>
       <activity phchForm="noble gas" isotop="Kr-88"> 8.80E+12 </activity>
       <activity phchForm="noble gas" isotop="Xe-131m">4.00E+11</activity>
       <!--Активность физико-химической формы изотопа (isotop- обознач.изотопа, phchForm - обознач.физ-хим.формы), Бк-->
       <activity phchForm="noble gas" isotop="Xe-133">7.40E+13</activity>
       <!--Активность физико-химической формы изотопа (isotop- обознач.изотопа, phchForm - обознач.физ-хим.формы), Бк-->
       <activity phchForm="noble gas" isotop="Xe-133m">2.10E+12</activity>
       <activity phchForm="noble gas" isotop="Xe-135">1.70E+13</activity>
      </nuclides>
      <vGrav>0</vGrav>
      <!--Скорость гравитационного осаждения, м/с-->
      <vDry>0</vDry>
      <!--Скорость сухого осаждения, м/с-->
      <prec>0</prec>
      <!--Вымывание осадками сек/м*сек-->
     </nuclideGroup>
     <nuclideGroup>
      <nuclGroupTypeId>0</nuclGroupTypeId>
      <!--Тип группы физ-хим. форм изотопов-->
      <nuclGroupName>Aerosol</nuclGroupName>
      <!--Название группы физико-химических форм изотопов-->
      <nuclides>
       <activity phchForm="particulate aerosol" isotop="Ba-137m"> 3.70E+08 </activity>
       <activity phchForm="particulate aerosol" isotop="Ba-140"> 4.40E+08 </activity>
       <activity phchForm="particulate aerosol" isotop="Cs-134"> 6.10E+08 </activity>
       <activity phchForm="particulate aerosol" isotop="Cs-136"> 1.40E+08 </activity>
       <activity phchForm="particulate aerosol" isotop="Cs-137"> 3.90E+08 </activity>
       <activity phchForm="iodine" isotop="I-131"> 3.28E+08 </activity>
       <activity phchForm="iodine" isotop="I-132"> 3.52E+10 </activity>
       <activity phchForm="iodine" isotop="I-133">1.96E+09</activity>
       <activity phchForm="iodine" isotop="I-135">2.12E+08</activity>
       <activity phchForm="particulate aerosol" isotop="Rb-88"> 9.80E+12 </activity>
       <activity phchForm="particulate aerosol" isotop="Te-129"> 7.30E+09 </activity>
       <activity phchForm="particulate aerosol" isotop="Te-129m"> 8.20E+09 </activity>
       <activity phchForm="particulate aerosol" isotop="Te-131">3.60E+09</activity>
       <activity phchForm="particulate aerosol" isotop="Te-131m">1.70E+10</activity>
       <activity phchForm="particulate aerosol" isotop="Te-132">1.20E+11</activity>
       <activity phchForm="particulate aerosol" isotop="Te-133m"> 3.40E+09 </activity>
       <activity phchForm="particulate aerosol" isotop="Te-134"> 2.10E+09 </activity>
      </nuclides>
      <vGrav>0</vGrav>
      <!--Скорость гравитационного осаждения, м/с-->
      <vDry>0.008</vDry>
      <!--Скорость сухого осаждения, м/с-->
      <prec>1e-5</prec>
      <!--Вымывание осадками сек/м*сек-->
     </nuclideGroup>
    </nuclideGroups>
   </sourcePhase>
    </sourcePhases>
 </source>
 <!---->
 <calcDomain>
  <!--Расчётная область (координаты углов в WGS-84)-->
  <longMin>35.59534933317529</longMin>
  <longMax>36.69534933317529</longMax>
  <latMin>12.145421457661126</latMin>
  <latMax>13.245421457661127</latMax>
 </calcDomain>
 <!---->
 <grid>
  <!--Расчётная сетка (координаты углов в WGS-84)-->
  <longMinCalc>35.64534933317529</longMinCalc>
  <longMaxCalc>36.64534933317529</longMaxCalc>
  <latMinCalc>12.195421457661126</latMinCalc>
  <latMaxCalc>13.195421457661126</latMaxCalc>
  <!--Длина и ширина сетки в км. Используются только в интерфейсе-->
  <length>126.641001247</length>
  <width>124.773401988</width>
  <gridCalcTypeId>0</gridCalcTypeId>
  <!--Тип расчётной сетки: 0 - прямоугольная, 1 - полярная-->
  <countX>62</countX>
  <!--Число точек расчётной сетки: по долготе - для прямоугольной сетки, по радиусу - для полярной  сетки-->
  <countY>51</countY>
  <!--Число точек расчётной сетки: по широте - для прямоугольной сетки, по азимуту - для полярной  сетки-->
  <gridFormat>ASCII-GRID</gridFormat>
  <!-- Формат выдачи результата на расчётной сетке: 
                           none - результаты на сетке не выводятся 
                           ASCII-GRD - текстовый GRD Surfer Grid 
                           ASCII-GRID - текстовый GRD Arc GIS Grid-->
 </grid>
 <!---->
 <gridFunctions>
  <gridFunction>
   <calcFunctionId>3</calcFunctionId>
   <timeEnd>9.49587e+7</timeEnd>
   <saveDynamic>false</saveDynamic>
  </gridFunction>
  <gridFunction>
   <calcFunctionId>2</calcFunctionId>
   <timeEnd>9.49587e+7</timeEnd>
   <saveDynamic>false</saveDynamic>
  </gridFunction>
  <gridFunction>
   <calcFunctionId>1</calcFunctionId>
   <timeEnd>9.49587e+7</timeEnd>
   <saveDynamic>false</saveDynamic>
  </gridFunction>
 </gridFunctions>
 <!---->
 <modelParam>
  <!--Параметры модели-->
  <cloudType>1</cloudType>
  <!--0 - частицы, 1 - облака-->
  <cloudCount>10000</cloudCount>
  <!--Количество облаков, частиц-->
  <refinement>0</refinement>
  <!--Уточнённая дозиметрическая модель: 0 - нет, 1 - да-->
  <timeStep>100</timeStep>
  <!--Временной шаг расчёта, сек-->
  <gridStepBeforeCloud>1</gridStepBeforeCloud>
  <gridStepAfterCloud>1</gridStepAfterCloud>
  <pointStepBeforeCloud>1</pointStepBeforeCloud>
  <pointStepAfterCloud>1</pointStepAfterCloud>
  <!-- Временной шаг сохранения результата расчёта (коэффициент для timeStep): 
                             gridStepBeforeCloud - временной шаг сохранения результата на расчётной сетке до прохождения облака для gridFunction с saveDynamic=yes 
                 gridStepAfterCloud - временной шаг сохранения результата на расчётной сетке после прохождения облака для gridFunction с saveDynamic=yes 
                 pointStepBeforeCloud - временной шаг сохранения результата до прохождения облака для всех pointFunction 
                 pointStepAfterCloud - временной шаг сохранения результата после прохождения облака для всех pointFunction-->
  <forecastTime>600000000</forecastTime>
  <!--Максимальное время прогноза. Если 0, то в расчете не учитывается. При его превышении происходит останов расчета, если частицы не вышли из области, сек-->
  <internalActivityFactor>1</internalActivityFactor>
  <!--Фактор жизнедеятельности внутренний-->
  <externalActivityFactor>1</externalActivityFactor>
  <!--Фактор жизнедеятельности внешний-->
  <roughnessCorrection>0.7</roughnessCorrection>
  <!--Поправка на неровность-->
 </modelParam>
 <!---->
 <!--Расчётные константы-->
 <physicoChemicalForms>
  <!--Физико-химическая форма-->
  <phchForm code="A">Аэрозоли</phchForm>
  <phchForm code="C">Углероды</phchForm>
  <phchForm code="carbon dioxide">Диоксид углерода</phchForm>
  <phchForm code="carbon monoxide">Окись углерода</phchForm>
  <phchForm code="carbon labelled methane">Метан меченый углеродом</phchForm>
  <phchForm code="R">Радиоактивные благородные газы</phchForm>
  <phchForm code="I">Иоды</phchForm>
  <phchForm code="methyl iodide">Метил иодид</phchForm>
  <phchForm code="elemental iodine vapour">Пары элементарного иода</phchForm>
  <phchForm code="H">Ртуть</phchForm>
  <phchForm code="mercury vapour">Пары ртути</phchForm>
  <phchForm code="elemental hydrogen vapour">Пары элементарного водорода</phchForm>
  <phchForm code="tritiated methane">Тритиевый метан</phchForm>
  <phchForm code="tritiated water">Тритиевая вода</phchForm>
  <phchForm code="particulate aerosol (tritium compounds)">Аэрозоль (соединения трития)</phchForm>
  <phchForm code="organic gases and vapours">Органические газы и пары</phchForm>
  <phchForm code="sulphur dioxide">Диоксид серы</phchForm>
  <phchForm code="carbon disulphide">Сероуглерод</phchForm>
  <phchForm code="particulate aerosol (inorganic)">Аэрозоль (неорганический)</phchForm>
  <phchForm code="particulate aerosol (organic)">Аэрозоль (органический)</phchForm>
  <phchForm code="nickel carbonyl">Карбонил никеля</phchForm>
  <phchForm code="ruthenium tetroxide">Оксид рутения (VIII)</phchForm>
  <phchForm code="tellurium vapour">Пары теллурия</phchForm>
  <phchForm code="organically bound tritium">Органически связанный тритий</phchForm>
 </physicoChemicalForms>
 <!---->
 <body>
  <!--Органы тела-->
  <organ code="_EFFECTIVE_DOSE">Эффективная доза</organ>
  <organ code="_RED_MARROW">Костный мозг (красный)</organ>
  <organ code="_GONADS">Гонады</organ>
  <organ parCode="_GONADS" code="_OVARIES">Яичники</organ>
  <organ parCode="_GONADS" code="_TESTES">Семенники</organ>
  <organ code="_LARGE_INTESTINE_WALL">Толстый кишечник</organ>
  <organ parCode="_LARGE_INTESTINE_WALL" code="_UPPER_LARGE_INTESTINE_WALL">Верхний отдел толстого кишечника</organ>
  <organ parCode="_LARGE_INTESTINE_WALL" code="_LOWER_LARGE_INTESTINE_WALL">Нижний отдел толстого кишечника</organ>
  <organ code="_SMALL_INTESTINE_WALL">Тонкий кишечник</organ>
  <organ code="_LUNGS">Легкие</organ>
  <organ code="_THYROID">Щитовидная железа</organ>
  <organ code="_STOMACH_WALL">Желудок</organ>
  <organ code="_BLADDER_WALL">Мочевой пузырь</organ>
  <organ code="_BREAST">Грудная железа</organ>
  <organ code="_LIVER">Печень</organ>
  <organ code="_ESOPHAGUS">Пищевод</organ>
  <organ code="_SKIN">Кожа</organ>
  <organ code="_BONE_SURFACE">Поверхность костей</organ>
  <organ code="_MUSCLE">Мышцы</organ>
  <organ code="_BRAIN">Мозг</organ>
  <organ code="_KIDNEYS">Почки</organ>
  <organ code="_PANCREAS">Поджелудочная железа</organ>
  <organ code="_SPLEEN">Селезенка</organ>
  <organ code="_THYMUS">Тимус</organ>
  <organ code="_UTERUS">Матка/шейка матки</organ>
  <organ code="_ADRENALS">Надпочечники</organ>
 </body>
 <!---->
 <ageGroups>
  <!--Возрастные категории и скорости дыхания по НРБ-99 (м3/сек)-->
  <respRate code="AGE_1">3.17e-5</respRate>
  <respRate code="AGE_1-2">6.0e-5</respRate>
  <respRate code="AGE_2-7">1.014e-4</respRate>
  <respRate code="AGE_7-12">1.65e-4</respRate>
  <respRate code="AGE_12-17">2.31e-4</respRate>
  <respRate code="AGE_17">2.57e-4</respRate>
 </ageGroups>
 <!---->
 <oblTypes>
  <!--Тип облучения: 0 - Облако/ 1 - поверхность/ 2 - ингаляция/ 3 - внешняя/ 4 - полная-->
  <tipObl id="0" code="EXT_RAD_CLOUD">внешнее облучение от облака</tipObl>
  <tipObl id="1" code="EXT_RAD_LAND">внешнее облучение от поверхности</tipObl>
  <tipObl id="2" code="INT_RAD_CLOUD">внутреннее облучение от облака</tipObl>
  <tipObl id="3" code="EXT_RAD">внешнее</tipObl>
  <tipObl id="4" code="TOTAL">полное</tipObl>
 </oblTypes>
 <!---->
 <doseCoefficients>
  <!--Дозовые коэффициенты для следующих типов облучения:
0 - внешнее облучение от облака, 1 - внешнее облучение от поверхности, 2 - внутреннее облучение от облака (ингаляция)-->
  <tipObl id="0"/>
  <tipObl id="1"/>
  <tipObl id="2"/>
 </doseCoefficients>
</request>
